Холодильники ;  Products_138_142_0_0_0_0_0_1.html
Плиты ;  Products_138_150_0_0_0_0_0_1.html
Стиральные машины ;  Products_138_139_0_0_0_0_0_1.html
Посудомойки ;  Products_138_126_0_0_0_0_0_1.html
Микроволновые печи ;  Products_138_154_0_0_0_0_0_1.html
Портативные холодильники ;  Products_138_828_0_0_0_0_0_1.html
Встраиваемые варочные поверхности ;  Products_142_177_0_0_0_0_0_1.html
Встраиваемые холодильники ;  Products_142_179_0_0_0_0_0_1.html
Вытяжки ;  Products_142_187_0_0_0_0_0_1.html
Встраиваемые стиральные машины ;  Products_142_188_0_0_0_0_0_1.html
Встраиваемые духовки ;  Products_142_127_0_0_0_0_0_1.html
Встраиваемые микроволновые печи ;  Products_142_817_0_0_0_0_0_1.html
Встраиваемые посудомойки ;  Products_142_178_0_0_0_0_0_1.html
Пылесосы ;  Products_139_105_0_0_0_0_0_1.html
Машинки для чистки трикотажа ;  Products_139_216_0_0_0_0_0_1.html
Утюги ;  Products_139_95_0_0_0_0_0_1.html
Электроинструменты ;  Products_139_267_0_0_0_0_0_1.html
Швейные машины ;  Products_139_104_0_0_0_0_0_1.html
Фены ;  Products_140_99_0_0_0_0_0_1.html
Напольные весы ;  Products_140_81_0_0_0_0_0_1.html
Бритвы мужские ;  Products_140_84_0_0_0_0_0_1.html
Зубные щётки ;  Products_140_86_0_0_0_0_0_1.html
Массажёры ;  Products_140_215_0_0_0_0_0_1.html
Косметические приборы ;  Products_140_835_0_0_0_0_0_1.html
Триммеры ;  Products_140_98_0_0_0_0_0_1.html
Сушилки для обуви ;  Products_140_800_0_0_0_0_0_1.html
Приборы для укладки ;  Products_140_100_0_0_0_0_0_1.html
Грелки электрические ;  Products_140_951_0_0_0_0_0_1.html
Эпиляторы ;  Products_140_85_0_0_0_0_0_1.html
Кофемолки ;  Products_141_88_0_0_0_0_0_1.html
Соковыжималки ;  Products_141_111_0_0_0_0_0_1.html
Ломтерезки ;  Products_141_90_0_0_0_0_0_1.html
Фритюрницы ;  Products_141_113_0_0_0_0_0_1.html
Миксеры ;  Products_141_91_0_0_0_0_0_1.html
Блендеры ;  Products_141_114_0_0_0_0_0_1.html
Мясорубки ;  Products_141_92_0_0_0_0_0_1.html
Кухонные весы ;  Products_141_115_0_0_0_0_0_1.html
Пароварки ;  Products_141_93_0_0_0_0_0_1.html
Бутербродницы ;  Products_141_190_0_0_0_0_0_1.html
Тостеры ;  Products_141_97_0_0_0_0_0_1.html
Плитки ;  Products_141_212_0_0_0_0_0_1.html
Хлебопечки ;  Products_141_102_0_0_0_0_0_1.html
Электропечи ;  Products_141_213_0_0_0_0_0_1.html
Чайники ;  Products_141_107_0_0_0_0_0_1.html
Йогуртницы ;  Products_141_252_0_0_0_0_0_1.html
Комбайны ;  Products_141_109_0_0_0_0_0_1.html
Очистители воды ;  Products_141_262_0_0_0_0_0_1.html
Кофеварки ;  Products_141_110_0_0_0_0_0_1.html
Сушки для продуктов ;  Products_141_841_0_0_0_0_0_1.html
Сковородки ;  Products_159_236_0_0_0_0_0_1.html
СВЧ кастрюли ;  Products_159_246_0_0_0_0_0_1.html
Ножи ;  Products_159_233_0_0_0_0_0_1.html
СВЧ миски ;  Products_159_247_0_0_0_0_0_1.html
Кастрюли ;  Products_159_228_0_0_0_0_0_1.html
СВЧ наборы ;  Products_159_248_0_0_0_0_0_1.html
Наборы ;  Products_159_232_0_0_0_0_0_1.html
СВЧ наборы чашек ;  Products_159_249_0_0_0_0_0_1.html
Крышки ;  Products_159_229_0_0_0_0_0_1.html
СВЧ формы ;  Products_159_250_0_0_0_0_0_1.html
Лопатки ;  Products_159_231_0_0_0_0_0_1.html
СВЧ чайники ;  Products_159_251_0_0_0_0_0_1.html
Штопоры ;  Products_159_241_0_0_0_0_0_1.html
Половники ;  Products_159_235_0_0_0_0_0_1.html
Зажигалки ;  Products_159_253_0_0_0_0_0_1.html
Шумовки ;  Products_159_242_0_0_0_0_0_1.html
СВЧ гусятницы ;  Products_159_244_0_0_0_0_0_1.html
Кухонные аксессуары ;  Products_159_846_0_0_0_0_0_1.html
СВЧ жаровни ;  Products_159_245_0_0_0_0_0_1.html
Сотейники ;  Products_159_237_0_0_0_0_0_1.html
Аксессуары для крупнобытовой и встроенной техники ;  Products_163_563_0_0_0_0_0_1.html
Электроаксессуары ;  Products_163_591_0_0_0_0_0_1.html
Аксессуары для мелкой бытовой техники ;  Products_163_263_0_0_0_0_0_1.html
Сетевые фильтры и удлинители ;  Products_163_776_0_0_0_0_0_1.html
Телевизоры ЖК ;  Products_143_225_0_0_0_0_0_1.html
Телевизоры комбо (с DVD/VHS) ;  Products_143_211_0_0_0_0_0_1.html
Телевизоры кинескопные ;  Products_143_22_0_0_0_0_0_1.html
LED-телевизоры ;  Products_143_977_0_0_0_0_0_1.html
Телевизоры плазменные ;  Products_143_226_0_0_0_0_0_1.html
Hi-Fi акустика ;  Products_144_149_0_0_0_0_0_1.html
Пульты универсальные  ;  Products_144_284_0_0_0_0_0_1.html
Hi-Fi AV ресиверы ;  Products_144_210_0_0_0_0_0_1.html
Hi-Fi усилители ;  Products_144_285_0_0_0_0_0_1.html
Проекторы ;  Products_144_174_0_0_0_0_0_1.html
Авторесиверы ;  Products_145_195_0_0_0_0_0_1.html
АвтоОхранные Комплексы ;  Products_145_288_0_0_0_0_0_1.html
Автомобильная акустика ;  Products_145_199_0_0_0_0_0_1.html
АвтоПульты ;  Products_145_287_0_0_0_0_0_1.html
Авто-Телевизоры ;  Products_145_200_0_0_0_0_0_1.html
Авто-Чейнджеры ;  Products_145_205_0_0_0_0_0_1.html
Автомобильные усилители ;  Products_145_197_0_0_0_0_0_1.html
Автомобильные DVD ;  Products_145_203_0_0_0_0_0_1.html
АвтоСаб-Корпуса ;  Products_145_198_0_0_0_0_0_1.html
GPS-навигаторы ;  Products_145_820_0_0_0_0_0_1.html
DVD-плееры ;  Products_146_32_0_0_0_0_0_1.html
DVD-рекордеры ;  Products_146_224_0_0_0_0_0_1.html
Домашние кинотеатры ;  Products_146_31_0_0_0_0_0_1.html
DVD-портативные ;  Products_146_590_0_0_0_0_0_1.html
Музыкальные центры ;  Products_146_17_0_0_0_0_0_1.html
Blue-Ray проигрыватели ;  Products_146_806_0_0_0_0_0_1.html
Магнитолы ;  Products_146_30_0_0_0_0_0_1.html
MP3-плееры ;  Products_147_275_0_0_0_0_0_1.html
Видеокамеры ;  Products_147_118_0_0_0_0_0_1.html
Часы радио ;  Products_147_273_0_0_0_0_0_1.html
Синтезаторы ;  Products_147_685_0_0_0_0_0_1.html
Радиоприёмники ;  Products_147_274_0_0_0_0_0_1.html
MP3-плееры с HD ;  Products_147_295_0_0_0_0_0_1.html
Диктофоны цифровые ;  Products_147_278_0_0_0_0_0_1.html
Аксессуары для TV и аудио ;  Products_164_264_0_0_0_0_0_1.html
Кардридеры ;  Products_164_669_0_0_0_0_0_1.html
Автомобильные аксессуары ;  Products_164_588_0_0_0_0_0_1.html
Hi-Fi кабели и аксессуары ;  Products_164_272_0_0_0_0_0_1.html
Наушники ;  Products_164_564_0_0_0_0_0_1.html
Мобильные телефоны ;  Products_149_60_0_0_0_0_0_1.html
Переговорные устройства ;  Products_149_764_0_0_0_0_0_1.html
Радиотелефоны ;  Products_149_128_0_0_0_0_0_1.html
Гарнитуры и наушники ;  Products_149_712_0_0_0_0_0_1.html
Телефоны стационарные ;  Products_149_143_0_0_0_0_0_1.html
Факсимильные аппараты ;  Products_149_131_0_0_0_0_0_1.html
Цифровые фотоаппараты ;  Products_150_117_0_0_0_0_0_1.html
Фоторамки цифровые ;  Products_150_779_0_0_0_0_0_1.html
Карты памяти ;  Products_150_290_0_0_0_0_0_1.html
Фотопринтеры ;  Products_150_557_0_0_0_0_0_1.html
Карманные компьютеры ;  Products_151_207_0_0_0_0_0_1.html
Электронные переводчики ;  Products_151_756_0_0_0_0_0_1.html
Аксессуары для мобильной связи и телефонии ;  Products_165_294_0_0_0_0_0_1.html
Кардридеры ;  Products_165_669_0_0_0_0_0_1.html
Аксессуары для фото-, видео- и персональной техники ;  Products_165_296_0_0_0_0_0_1.html
Кондиционеры ;  Products_154_56_0_0_0_0_0_1.html
Вентиляторы ;  Products_154_184_0_0_0_0_0_1.html
Увлажнители воздуха ;  Products_169_570_0_0_0_0_0_1.html
Климат-системы ;  Products_169_572_0_0_0_0_0_1.html
Очистители воздуха ;  Products_169_261_0_0_0_0_0_1.html
Водонагреватели накопительные ;  Products_155_41_0_0_0_0_0_1.html
Проточные водонагреватели ;  Products_155_182_0_0_0_0_0_1.html
Газовые колонки ;  Products_155_16_0_0_0_0_0_1.html
??нфракрасные обогреватели ;  Products_170_861_0_0_0_0_0_1.html
Конвекторы ;  Products_170_875_0_0_0_0_0_1.html
Тепловентиляторы ;  Products_170_865_0_0_0_0_0_1.html
Масляные обогреватели ;  Products_170_862_0_0_0_0_0_1.html
Электрокамины ;  Products_170_858_0_0_0_0_0_1.html
Газовые обогреватели ;  Products_170_879_0_0_0_0_0_1.html
Климат-комбайны ;  Products_170_872_0_0_0_0_0_1.html
Аксессуары для климатической техники ;  Products_162_632_0_0_0_0_0_1.html
Ноутбуки ;  Products_152_58_0_0_0_0_0_1.html
Клавиатуры ;  Products_152_711_0_0_0_0_0_1.html
ЖК-мониторы ;  Products_152_10_0_0_0_0_0_1.html
Калькуляторы ;  Products_152_665_0_0_0_0_0_1.html
USB флеш ;  Products_152_628_0_0_0_0_0_1.html
Планшеты ;  Products_152_849_0_0_0_0_0_1.html
Колонки для ПК ;  Products_152_280_0_0_0_0_0_1.html
Веб-камеры ;  Products_152_655_0_0_0_0_0_1.html
Компьютерные мыши ;  Products_152_709_0_0_0_0_0_1.html
Сетевые карты и адаптеры ;  Products_152_796_0_0_0_0_0_1.html
Манипуляторы игровые ;  Products_152_705_0_0_0_0_0_1.html
Гарнитуры и наушники ;  Products_152_712_0_0_0_0_0_1.html
??сточники бесперебойного питания ;  Products_152_640_0_0_0_0_0_1.html
Жесткие диски ;  Products_152_813_0_0_0_0_0_1.html
Персональные компьютеры ;  Products_152_6_0_0_0_0_0_1.html
Комплектующие ;  Products_152_950_0_0_0_0_0_1.html
??гровые приставки ;  Products_152_752_0_0_0_0_0_1.html
Модемы ;  Products_152_691_0_0_0_0_0_1.html
Принтеры струйные ;  Products_153_11_0_0_0_0_0_1.html
МФУ лазерные ;  Products_153_15_0_0_0_0_0_1.html
МФУ струйные ;  Products_153_14_0_0_0_0_0_1.html
Принтеры лазерные ;  Products_153_12_0_0_0_0_0_1.html
Аксессуары для ноутбуков ;  Products_171_714_0_0_0_0_0_1.html
Картриджи для струйных принтеров ;  Products_171_620_0_0_0_0_0_1.html
Коврики для мыши ;  Products_171_834_0_0_0_0_0_1.html
Картриджи и тонеры для копировальной техники ;  Products_171_621_0_0_0_0_0_1.html
Компьютерные мыши ;  Products_171_709_0_0_0_0_0_1.html
Картриджи и тонеры для лазерных принтеров ;  Products_171_619_0_0_0_0_0_1.html
Сумки для ноутбуков ;  Products_171_604_0_0_0_0_0_1.html
Компьютерные столы ;  Products_171_758_0_0_0_0_0_1.html
Бумага для печати, пленка, лента ;  Products_171_618_0_0_0_0_0_1.html
CD диски ;  Products_171_614_0_0_0_0_0_1.html
Чистящие средства ;  Products_171_734_0_0_0_0_0_1.html
DVD диски  ;  Products_171_610_0_0_0_0_0_1.html
Cd холдеры ;  Products_171_599_0_0_0_0_0_1.html